author_id,quote
3089,"La razón es y sólo debe ser, esclava de las pasiones"
3089,"Si procediéramos a revisar las bibliotecas convencidos de estos principios, ¡qué estragos no haríamos! Si cogemos cualquier volumen de Teología o metafísica escolástica, por ejemplo, preguntemos: <em>¿Contiene algún razonamiento abstracto sobre la cantidad y el número?</em> No. <em>¿Contiene algún razonamiento experimental acerca de cuestiones de hecho o existencia?</em> No. Tírese entonces a las llamas, pues no puede contener más que sofistería e ilusión."
3090,"[...] La sociedad mantiene perpetuamente el poder soberano de reducirse a los intentos y cavilaciones de cualquier persona, incluso de sus propios legisladores, siempre que éstos sean tan ineptos o tan crueles como para intentar, y llevar a la práctica, maniobras contrapuestas a las libertades y a los bienes de los hombres. (Ensayo sobre el gobierno civil)"
3090,"Concluyamos, por lo tanto, que nuestro único anhelo es que todo hombre goce de los mismos derechos que se garantizan a los demás. Si se me permite adorar a Dios según los cánones de Roma, debe permitirse lo mismo a quienes lo hacen según las reglas de Ginebra. (Carta sobre la tolerancia)"
3090,"Al ser los hombres, como ya se ha dicho, todos libres por naturaleza, iguales e independientes, ninguno puede ser sacado de esa condición y puesto bajo el poder político de otro sin su propio consentimiento. El único modo en que alguien se priva a si mismo de su libertad natural y se somete a las ataduras de la sociedad civil, es mediante un acuerdo con otros hombres, según el cual todos se unen formando una comunidad, a fin de convivir los unos con los otros de una manera confortable, segura y pacífica, disfrutando sin riesgo de sus propiedades respectivas y mejor protegidos frente a quienes no forman parte de dicha comunidad. Esto puede hacerlo cualquier grupo de hombres, porque no daña la libertad de los demás, a quienes se deja, tal y como estaban, en estado de naturaleza. Así, cuando un grupo de hombres ha consentido formar una comunidad o gobierno, quedan con ello incorporados en un cuerpo político en el que la mayoría tiene el derecho de actuar y decidir en nombre de todos." (Ensayo sobre el gobierno civil)"
3091,"In science there are no 'depths'; there is surface everywhere." (Vienna Circle manifesto.)"
3091,"The task of making more exact a vague or not quite exact concept used in everyday life or in an earlier stage of scientific or logical development, or rather of replacing it by a newly constructed, more exact concept, belongs among the most important tasks of logical analysis and logical construction. We call this the task of explicating, or of giving an explication for the earlier concept; this earlier concept, or sometimes the term used for it, is called the explicandum; and the new concept, or its term, is called an explicatum of the old one" (Meaning and necesssity)"
3091,"If someone wishes to speak in his language about a new kind of entities, he has to introduce a system of new ways of speaking, subject to new rules; we shall call this procedure the construction of a linguistic framework for the new entities in question." (Empiricism, Semantics, and Ontology)"
3092,"The point of philosophy is to start with something so simple as not to seem worth stating, and to end with something so paradoxical that no one will believe it. (The philosophy of logical atomism)"
3092,"Not to be absolutely certain is, I think, one of the essential things in rationality. (Am I An Atheist Or An Agnostic?)"
3092,"Pragmatists explained that Truth is what it pays to believe. Historians of morals reduced the Good to a matter of tribal custom. Beauty was abolished by artists in a revolt against the surgary insipidities of a philistine epoch and in a mood of fury in which satisfaction is to be derived only from what hurts. And so the world was swept clear not only of God as a person but of God's essence as a ideal to which man owed an ideal allegiance. (Unpopular essays)
3092,"The good life is one inspired by love and guided by knowledge. Neither love without knowledge, nor knowledge without love can produce a good life." (What I believe)"
3093,"Es precisamente un familiar muy próximo y vive en mi casa. En efecto, en cuanto entro en casa y me oye decir esto, me pregunta si no me da vergüenza atreverme a hablar de ocupaciones bellas y ser refutado manifiestamente acerca de lo bello, porque ni siquiera sé qué es realmente lo bello. «En verdad, me dice él, ¿cómo vas tú a saber si un discurso está hecho bellamente o no, u otra cosa cualquiera, si ignoras lo bello? Y cuando te encuentras en esta ignorancia, ¿crees tú que vale más la vida que la muerte?» Me sucede, como digo, recibir a la vez vuestros insultos y reproches y los de él. Pero quizá es necesario soportar todo esto: no hay nada extraño en que esto pueda serme provechoso. Ciertamente, Hipias, me parece que me ha sido beneficiosa la conversación con uno y otro de vosotros. Creo que entiendo el sentido del proverbio que dice: «Lo bello es difícil.»" (Hipias mayor)"
3093,"Por esta razón es Eros, por una parte, acompañante y escudero de Afrodita, al ser engendrado en la fiesta del nacimiento de la diosa y es por naturaleza un amante de lo bello. Siendo hijo, pues, de Poros y Penía, Eros se ha quedado con las siguientes características. En primer lugar, es siempre pobre, y lejos de ser delicado y bello, como cree la mayoría, es,más bien, duro y seco, descalzo y sin casa, duerme siempre en el suelo y descubierto,se acuesta a la intemperie en las puertas y al borde de los caminos, compañero siempre inseparable de la indigencia por tener la naturaleza de su madre. Pero, por otra parte, de acuerdo con la naturaleza de su padre, está al acecho de lo bello y de lo bueno; es valiente, audaz y activo, buen cazador, siempre urdiendo alguna trama, ávido de sabiduría y rico en recursos, un amante del conocimiento a lo largo de toda su vida, un formidable mago, hechicero y hábil con las palabras. No es por naturaleza ni inmortal ni mortal, sino que en el mismo día unas veces florece y vive, cuando está en la abundancia, y otras muere, pero recobra la vida de nuevo gracias a la naturaleza de su padre. Mas lo que consigue siempre se le escapa, de suerte que Eros nunca ni está falto de recursos ni es rico, y está, además,en el medio de la sabiduría y la ignorancia" (Banquete)"
3093,"La filosofía es un silencioso diálogo del alma consigo misma en torno al ser"
3094,"Die Weltgeschichte ist nicht der Boden des Glücks. Die Perioden des Glücks sind leere Blätter in ihr. (Vorlesungen über die Philosophie der Geschichte)
3094,"Was die Erfahrung aber und die Geschichte lehren, ist dieses, daß Völker und Regierungen niemals etwas aus der Geschichte gelernt und nach Lehren, die aus derselben zu ziehen gewesen wären, gehandelt haben. (Vorlesungen über die Philosophie der Geschichte)"
3094,"Es wird das Jetzt gezeigt, dieses Jetzt. Jetzt; es hat schon aufgehört zu sein, indem es gezeigt wird; das Jetzt, das ist, ist ein anderes als das gezeigte, und wir sehen, daß das Jetzt eben dieses ist, indem es ist, schon nicht mehr zu sein. Das Jetzt, wie es uns gezeigt wird, ist es ein gewesenes, und dies ist seine Wahrheit; es hat nicht die Wahrheit des Seins." (Phänomenologie des Geistes)"
3095,"Y ahora hay aquí un hombre que te quiere alabar. Un hombre que es parte de tu creación y que, como todos, lleva siempre consigo por todas partes su mortalidad y el testimonio de su pecado, el testimonio de que tú siempre te resistes a la sobrebia humana. Así pues, no obstante su miseria, ese hombre te quiere alabar. Y tú lo estimulas para que encuentre deleite en tu alabanza; nos creaste para ti y nuestro corazón andará siempre inquieto mientras no descanse en ti. (Confesiones)"
3095,"Ama y haz lo que quieras. Si callas, callarás con amor; si gritas, gritarás con amor; si corriges, corregirás con amor; si perdonas, perdonarás con amor. Si tienes el amor arraigado en ti, ninguna otra cosa sino amor serán tus frutos. (Comentario a la espístola de San Juan)"
3095,"Nos hiciste, Señor, para Ti, y nuestro corazón está inquieto, hasta que descanse en Ti"
3095,"Pero como ahora no sólo a los buenos les sucede mal y a los males bien, lo cual nos parece injusto, sino que también a los malos muchas veces les sucede mal y a los buenos bien, vienen a ser más incomprensibles los juicios de Dios y sus altas disposiciones más difíciles de penetrar.
Por eso, aunque no sepamos la razón por qué Dios hace semejantes cosas, o por qué permite que se hagan, habiendo en él suma potencia, suma sabiduría y suma justicia, y no habiendo ninguna flaqueza, ninguna temeridad y ninguna injusticia, sin embargo, con esto nos da saludables documentos para que no estimemos en mucho los bienes o los males que vemos son comunes a los buenos y a los malos, y para que busquemos los bienes que son propios de los buenos y huyamos particularmente aquellos males que son propios de los malos. " (La ciudad de Dios)"
3096,"Tu non possiedi la Verità, ma è la Verità che possiede te. (Summa Teológica)"
3096,"Siccome di Dio non possiamo sapere che cosa è, ma piuttosto che cosa non è, non possiamo indagare come egli sia, ma piuttosto come non sia (Summa Teológica)"
3096,"La quinta vía se funda en el gobierno del mundo. Vemos, en efecto, que algunos seres que carecen de conocimiento, como los cuerpos naturales, obran por un fin, como lo muestra el hecho de que, para conseguir lo que más les conviene, obran siempre, o con frecuencia, de la misma manera; de donde se deduce que alcanzan su fin no por azar, sino intencionadamente. Ahora bien, lo que carece de conocimiento no puede tender a un fin si no lo dirige alguien que conozca y entienda, como el arquero dirige la flecha. Luego existe un ser inteligente que dirige todas las cosas naturales a su fin y a éste lo llamamos Dios." (Summa Teológica)"
3097,"La felicidad es, según nuestra manera de pensar, la actividad del alma dirigida por la virtud [...] Son las acciones conformes a la virtud las que son agradables a las personas virtuosas, y sólo ellas lo son por sí mismas. La vida de las gentes virtuosas no necesita el placer como un accesorio: el placer lo hallan en sí mismas, ya que [...] las acciones virtuosas son agradables por sí mismas [...] Sin embargo, es evidente que la felicidad no puede prescindir de los bienes exteriores [...] ¿Hay, pues, alguna razón que nos impida denominar feliz al hombre que obra según una virtud prefecta y que está suficientemente provisto de bienes externos?" (Ética a Nicómaco)"
3097,"En las acciones hay también exceso y defecto y término medio. Ahora, la virtud tiene que ver con pasiones y acciones, en las cuales el exceso y el defecto yerran y son censurados, mientras que el término medio el elogiado y acierta; y ambas cosas son propias de la virtud. La virtud, entonces, es un término medio, o al menos tiende al medio. Además, se puede errar de muchas maneras [...], pero acertar sólo es posible de una (y, por eso, una cosa es fácil y la otra difícil: fácil errar en el blanco, difícil acertar); y, a causa de esto, también el exceso y el defecto pertenecen al vicio, pero el término medio a la virtud." (Ética a Nicómaco)"
3097,"Fin de la ciudad es, por tanto, el bien vivir, y todo eso está orientado a ese fin. La ciudad es la asociación de familias y aldeas para una vida perfecta y autosuficiente. Y ésta es, como decimos, la vida feliz y bella." (Política)"
3097,"El ser se entiende de muchas maneras, pero estos diferentes sentidos se refieren a una sola cosa, a una misma naturaleza, no habiendo entre ellos sólo comunidad de nombre [...]" (Metafísica)"
3098,"Si Tolomeo se equivocó antaño sobre los fundamentos de su razón, pregúntome si no sería necio de fiarme ahora de lo que estos dicen y si no es más verosímil que este gran cuerpo que llamamos mundo sea cosa muy otra de la que pensamos. (Ensayos)"
3098,"Y jamás hubo en el mundo dos opiniones iguales, como tampoco dos pelos o dos granos. Es la diversidad su cualidad más universal. (Ensayos)"
3098,"Nadie está libre de decir necedades. (Ensayos)
3099,"El escepticismo es la capacidad de establecer antítesis en los fenómenos y en las consideraciones teóricas, según cualquiera de los tropos, gracias a la cual nos encaminamos, primero hacia la suspensión del juicio y después hacia la ataraxia."
3099,"El fundamento de la construcción escéptica es ante todo que a cada proposición se le opone otra proposición de igual validez.
3099,(Fragmentos extraídos de los Esbozos pirrónicos de Sexto Empírico)
3100,"Desde ahora decimos que el fin del escepticismo es la serenidad de espíritu en las cosas que dependen de la opinión de uno y el control del sufrimiento en las que se padecen por necesidad. (Esbozos pirrónicos)
3100,"La suspensión del juicio es ese equilibrio de la mente por el que ni rechazamos ni ponemos nada. Y la ataraxía es bienestar y serenidad de espíritu. (Esbozos pirrónicos)
3100,"Y de ello concluimos que hasta es probable que quienes dicen de forma tajante que Dios existe se vean forzados a incurrir en impiedad. En efecto, si dicen que cuida de todo estarán afirmando que es la causa de los males; y si dicen que cuida de algunas cosas o de ninguna se verán forzados a decir que Dios es o perverso o débil; y eso es claramente de impíos." (Esbozos pirrónicos)"
3101,"Inocencia es el niño, y olvido, un nuevo comienzo, un juego, una rueda que se mueve por sí misma, un primer movimiento, un santo decir sí." (Así habló Zaratustra)"
3101,"Sí, hermanos míos, para el juego del crear se precisa un santo decir sí: el espíritu quiere ahora su voluntad, el retirado del mundo conquista ahora su mundo. (Así habló Zaratustra)"
3101,"Mirad, yo soy un anunciador del rayo y una pesada gota que cae de la nube: mas ese rayo se llama superhombre.  (Así habló Zaratustra)"
3101,"El hombre es una cuerda tendida entre el animal y el superhombre —una cuerda sobre un abismo. (Así habló Zaratustra)
3101,"Sólo como fenómeno estético está justificada la existencia del mundo. (El nacimiento de la tragedia)
3101,"En algún apartado rincón del universo, desperdigado de innumerables y centelleantes sistemas solares, hubo una vez un astro en el que animales astutos inventaron el conocer. Fue el minuto más soberbio y más falaz de la Historia Universal, pero, a fin de cuentas, sólo un minuto. Tras un par de respiraciones de la naturaleza, el astro se entumeció y los animales astutos tuvieron que perecer" (Sobre verdad y mentira en sentido extramoral)"
3102,"El buen sentido es la cosa que mejor repartida está en el mundo, pues todos juzgan que poseen tan buena provisión de él que aun los más difíciles de contentar en otras materias no suelen apetecer más del que ya tienen. (Discurso del método)"
3102,"Gustaba, sobre todo, de las matemáticas por la certeza y evidencia de sus razones; pero aún no conocía su verdadero uso, y al pensar que sólo servían para las artes mecánicas, me extrañaba de que, siendo sus cimientos tan firmes y sólidos, no se hubiese construido sobre ellos nada más elevado. (Discurso del método)"
3102,"Así pues, supondré que hay, no un verdadero Dios -que es fuente suprema de verdad- , sino cierto genio maligno, no menos artero y engañador que poderoso, el cual ha usado de toda su industria para engañarme. Pen­saré que el cielo, el aire, la tierra, los colores, las figuras, los sonidos y las demás cosas exteriores, no son sino ilusio­nes y ensueños, de los que él se sirve para atrapar mi credu­lidad. Me consideraré a mí mismo como sin manos, sin ojos, sin carne, sin sangre, sin sentido alguno, y creyendo falsamente que tengo todo eso. Permaneceré obstinadamen­te fijo en ese pensamiento, y si, por dicho medio, no me es posible llegar al conocimiento de alguna verdad, al me­nos está en mí mano suspender el juicio. Por ello, tendré sumo cuidado en no dar crédito a ninguna falsedad, y dis­pondré tan bien mi espíritu contra las malas artes de ese gran engañador que, por muy poderoso y astuto que sea, nunca podrá imponerme nada." (Meditaciones metafísicas)"
3103,"Ahora bien, habiendo una infinidad de mundos posibles en las ideas de Dios, y no pudiendo existir más que uno solo, se precisa que haya una razón suficiente de la elección de Dios que le determine a éste mejor que a aquél. Y esta razón no puede hallarse sino en la conveniencia o en los grados de perfección que contengan esos mundos, puesto que cada posible tiene derecho a pretender la existencia en proporción de la perfección que encierre (Monadología)"
3103,"Por último, bajo ese gobierno perfecto, no habría acción buena sin recompensa, ni acción mala sin castigo; y todo debe parar en el bien de los buenos, es decir, de los que en este gran Estado no se hallan descontentos, de los que fían en la providencia, después de haber cumplido con su deber, y aman e imitan como es debido al Autor de todo bien, complaciéndose en considerar sus perfecciones según la naturaleza del puro amor verdadero, que nos hace saborear la felicidad de lo amado. (Monadología)"
3103,"Puede decirse, por lo tanto, que las mónadas comienzan y acaban de una vez, es decir, que sólo pueden comenzar por creación y acabar por aniquilamiento; en cambio, lo compuesto comienza y acaba por partes." (Monadología)"
3103,"Y así, estando persuadido del principio de la armonía en general, y por consiguiente de la preformación y de la armonía preestablecida entre todas las cosas, entre la naturaleza y la gracia, entre los decretos de Dios y nuestras acciones previstas, entre todas las partes de la materia, y hasta entre el porvenir y el pasado, en conformidad todo con la soberana sabiduría de Dios, cuyas obras son todo lo armónicas que es posible concebir, yo no podía menos de venir a parar a este sistema, según el cual Dios ha creado el alma al principio de tal manera, que debe producir y representarse ordenadamente lo que pasa en el cuerpo, y el cuerpo de tal manera, que debe ejecutar de suyo lo que el alma ordena." (Teodicea)"
3104,"Pragmatism, on the other hand, asks its usual question. "Grant an idea or belief to be true," it says, "what concrete difference will its being true make in anyone's actual life? How will the truth be realized? What experiences will be different from those which would obtain if the belief were false? What, in short, is the truth's cash-value in experiential terms?"
3104,"Truth happens to an idea. It becomes true, is made true by events. Its verity is in fact an event, a process: the process namely of its verifying itself, its veri-fication. Its validity is the process of its valid-ation"
3105,"The creed which accepts as the foundation of morals, Utility, or the Greatest Happiness Principle, holds that actions are right in proportion as they tend to promote happiness, wrong as they tend to produce the reverse of happiness. By happiness is intended pleasure, and the absence of pain; by unhappiness, pain, and the privation of pleasure."
3105,"Questions about ends are, in other words, questions what things are desirable. The utilitarian doctrine is, that happiness is desirable, and the only thing desirable, as an end; all other things being only desirable as means to that end. What ought to be required of this doctrine- what conditions is it requisite that the doctrine should fulfil- to make good its claim to be believed?"
3106,"Las verdades fundamentales tienen que estar siempre a la mano porque sólo así son fundamentales. Las que es preciso ir a buscar es que están sólo en un sitio, que son verdades particulares, localizadas, provinciales, de rincón, no básicas. Vida es lo que somos y lo que hacemos: es, pues, de todas las cosas la más próxima a cada cual. Pongamos la mano sobre ella, se dejará apresar como un ave mansa. (¿Qué es filosofía?)"
3106,"La filosofía es, antes, filosofar, y filosofar es, indiscutiblemente, vivir —como lo es correr, enamorarse, jugar al golf indignarse en política y ser dama de sociedad. Son modos y formas de vivir. (¿Qué es filosofía?)"
3106,"Yo soy yo y mi circunstancia y si no la salvo a ella, no me salvo yo. (Meditaciones del Quijote)"
3107,"La pregunta inicial de la filosofía: "¿Qué son las cosas?", suena todavía en nuestros oídos con ese aire de brusquedad y hasta de impaciencia, como si dijera: "Basta de dioses y de historias, volvamos a empezar a saber". Y al retroceder a la ignorancia se hundió en ella -el que se decidió a preguntar por las cosas- mucho más de lo que lo estuvieron los que configuraron los dioses. (El hombre y lo divino)"
3107,"Vivimos en estado de alerta, sintiéndonos parte de todo lo que acontece, aunque sea como minúsculos actores en la trama de la historia y aun en la trama de la vida de todos los hombres. No es el destino, sino simplemente comunidad -la convivencia- lo que sabemos nos envuelve: sabemos que convivimos con todos los que aquí viven y aun con los que vivieron. El planeta entero en nuestra casa. (De la aurora)"
3107,"La palabra, el logos, es lo universal, lo que expresa la comunidad en lo humano. Y el poeta usa la palabra, no en su forma universal, sino para revelar algo que solamente en él ocurre, en el último fondo de lo individual, que, incluso para Aristóteles, es irracional. Y esto es lo verdaderamente grave. Pues si la palabra es por esencia universal y el poeta la emplea irracionalmente, quiere decir que hay una comunidad humana no racional, o quiere decir que el poeta está, en tanto que poeta, fuera y al margen de toda comunidad; que la poesía situada dentro de lo inefable, no lo trasciende nunca; que hay tantos lenguajes como poetas y que la poesía, por tanto, es un esfuerzo vano, puesto que nada trasmite.
Y lo curioso es que la Filosofía parece estar hoy situada en este mismo trance. Si el pensamiento filosófico es algo que se realiza en la más absoluta soledad, para lograr con el propio esfuerzo del ser, el ser uno mismo, ¿qué sentido tiene el enseñarla, el trasmitirla? ¿Por qué y para qué enseñar Filosofía? Pregunta, por cierto, que ya hizo Sócrates a los sofistas cuando afirmaban que todo lo que se dice es cierto. En sus momentos críticos parece que la filosofía viene a parar al mismo lugar que la poesía, a la justificación de lo más individual; de lo más irreductible que hay en cada uno de nosotros." (Filosofía y poesía)"
3108,"¿Qué significa aquí que la existencia precede a la esencia? Significa que el hombre empieza por existir, se encuentra, surge en el mundo, y que después se define. El hombre, tal como lo concibe el existencialista, si no es definible, es porque empieza por no ser nada. Sólo será después, y será tal como se haya hecho. Así, pues, no hay naturaleza humana, porque no hay Dios para concebirla. El hombre es el único que no sólo es tal como él se concibe, sino tal como él se quiere, y como él se concibe después de la existencia, como él se quiere después de este impulso hacia la existencia; el hombre no es otra cosa que lo que él se hace. (El existencialismo es un humanismo)"
3108,"Dostoievsky había escrito: «Si Dios no existiera, todo estaría permitido». Éste es el punto de partida del existencialismo. En efecto, todo está permitido... Dios no existe y en consecuencia el hombre está abandonado, porque no se encuentra ni en sí ni fuera de sí una posibilidad de aferrarse. No encuentra ante todo excusas. Si en efecto la existencia precede a la esencia, no se podrá jamás explicar por referencia a una naturaleza humana dada y fija; dicho de otro modo, no hay determinismo, el hombre es libre, el hombre es libertad. (El existencialismo es un humanismo)"
3108,"He aquí que una ojeada a la interrogación misma, en el momento en que creíamos alcanzar la meta, nos revela de pronto que estamos rodeados de nada. La posibilidad permanente del no-ser, fuera de nosotros y en nosotros, condiciona nuestras interrogaciones sobre el ser. Y el mismo no-ser circunscribirá la respuesta: lo que el ser será se recortará necesariamente sobre el fondo de lo que el ser no es. Cualquiera que sea esta respuesta, podrá formularse así: El ser es eso y, fuera de eso, nada." (El ser y la nada)"
3109,"El problema es lo dado que se me propone como externo y el misterio algo en lo que me encuentro comprometido y cuya esencia no está enteramente ante mí. De donde el ser no es problemático, sino misterioso. Los misterios no son problemas insolubles, sino realidades no objetivables, pero que al estar inmersos en ellas nos iluminan. (El misterio del ser)"
3109,"No soy nada y no puedo nada por mí mismo sino en tanto soy, no sólo asistido, sino promovido al ser por aquel que es todo y lo puede todo (El misterio del ser)"
3109,"Existir es participar y solamente existo en cuanto participo en el misterio del ser. En el misterio ontológico. Y el hombre, abierto al misterio, rodeado de misterio, tiene abierto un sólo camino: el de la esperanza que conduce a la fe. La participación en el misterio ontológico es más claramente participación en el misterio que es Dios." (El misterio del ser)"
3110,"Eso que conocemos históricamente lo somos nosotros mismos en el fondo. El conocimiento propio de las ciencias del espíritu implica siempre un autoconocimiento. Nada hay tan proclive al engaño como el autoconocimiento, pero nada tan importante, cuando se logra, para el ser del hombre. (La verdad en las ciencias del espíritu)"
3110,"Toda pregunta es a su vez respuesta. Tal es la dialéctica en que nos hallamos inmersos. Toda pregunta tiene su motivación. (¿Qué es la verdad?)
3110,"Pues vivir en un mundo lingüístico, como se hace cuando se pertenece a una comunidad lingüística, no quiere decir estar confiado a un entorno como lo están los animales en sus mundos vitales. No se puede querer mirar desde arriba el mundo lingüístico de la manera descrita antes; pues no existe ningún lugar fuera de la experiencia lingüística del mundo desde el cual éste pudiera convertirse por sí mismo en objeto […]. Tener lenguaje significa precisamente tener un modo de ser completamente distinto de la vinculación de los animales a su entorno." (Verdad y método)"
3111,
3112,"By Hedonism, then, I mean the doctrine that pleasure alone is good as an end—good in the sense which I have tried to point out as indefinable. The doctrine that pleasure, among other things, is good as an end, is not Hedonism; and I shall not dispute its truth. Nor again is the doctrine that other things, beside pleasure, are good as means, at all inconsistent with Hedonism: the Hedonist is not bound to maintain that Pleasure alone is good, if under good he includes, as we generally do, what is good as means to an end, as well as the end itself. " (Principia ethica)"
3112,"I have said that those systems of Ethics, which I propose to call Metaphysical, are characterised by the fact that they describe the Supreme Good in metaphysical terms; and this has now to been explained as meaning that they describe it in terms of something which (they hold) does exist, but does not exist in Nature—in terms of a supersensible reality. A Metaphysical Ethics is marked by the fact that it makes the assertion: That which would be perfectly good is something which exists, but is not natural; that which has some characteristic possessed by a supersensible reality" (Principia ethica)"
3112,"To search for unity and system, at the expense of truth, is not, I take it, the proper business of philosophy, however universally it may have been the practice of philosophers. And that all truths about the Universe possess to one another all the various relations, which may be meant by unity, can only be legitimately asserted, when we have carefully distinguished those various relations and discovered what those truths are. In particular, we can have no title to assert that ethical truths are unified in any particular manner, except in virtue of an enquiry conducted by the method which I have endeavoured to follow and to illustrate. The study of Ethics would, no doubt, be far more simple, and its results far more systematic, if, for instance, pain were an evil of exactly the same magnitude as pleasure is a good; but we have no reason whatever to assume that the Universe is such that ethical truths must display this kind of symmetry: no argument against my conclusion, that pleasure and pain do not thus correspond, can have any weight whatever, failing a careful examination of the instances which have led me to form it." (Principia ethica)"
3113,"Parte de nuestros deseos son naturales, y otra parte son vanos deseos; entre los naturales, unos son necesarios y otros no; y entre los necesarios, unos lo son para la felicidad, otros para el bienestar del cuerpo y otros para la vida misma. Conociendo bien estas clases de deseos es posible referir toda elección a la salud del cuerpo y a la serenidad del alma, porque en ello consiste la vida feliz. (Carta a Meneceo)"
3113,"Porque ni banquetes ni juergas constantes dan la felicidad, sino el sobrio cálculo que investiga las causas de toda elección o rechazo y extirpa las falsas opiniones de las que procede la gran perturbación que se apodera del alma. (Carta a Meneceo)"
3113,"Acostúmbrate a considerar que la muerte no es nada para nosotros, puesto que todo bien y todo mal están en la sensación, y la muerte es pérdida de sensación. Por ello, el recto conocimiento de que la muerte no es nada para nosotros hace amable la mortalidad de la vida, no porque le añada un tiempo indefinido, sino porque suprime el anhelo de inmortalidad" (Carta a Meneceo)"
3114,"De mi padre: la mansedumbre y la firmeza serena en las decisiones profundamente examinadas. El no vanagloriarse con los honores aparentes; el amor al trabajo y la perseverancia; el estar dispuesto a escuchar a los que podían hacer una contribución útil a la comunidad. El distribuir sin vacilaciones a cada uno según su mérito. La experiencia para distinguir cuando es necesario un esfuerzo sin desmayo, y cuándo hay que relajarse." (Meditaciones)"
3114,"Al despuntar la aurora, hazte estas consideraciones previas: me encontraré con un indiscreto, un ingrato, un insolente, un mentiroso, un envidioso, un insociable. Todo eso les acontece por ignorancia de los bienes y de los males. Pero yo, que he observado que la naturaleza del bien es lo bello, y que la del mal es lo vergonzoso, y que la naturaleza del pecador mismo es pariente de la mía, porque participa, no de la misma sangre o de la misma semilla, sino de la inteligencia y de una porción de la divinidad, no puedo recibir daño de ninguno de ellos, pues ninguno me cubrirá de vergüenza; ni puedo enfadarme con mi pariente ni odiarle." (Meditaciones)"
3114,"No desdeñes la muerte; antes bien, acógela gustosamente, en la convicción de que ésta también es una de las cosas que la naturaleza quiere. Porque cual es la juventud, la vejez, el crecimiento, la plenitud de la vida, el salir los dientes, la barba, las canas, la fecundación, la preñez, el alumbramiento y las demás actividades naturales que llevan las estaciones de la vida, tal es también tu propia disolución." (Meditaciones)"
3115,"El que tiene mucho desea más, lo cual demuestra que no tiene bastante; pero el que tiene bastante ha llegado a un punto al que el rico no llega jamás."
3115,"Para acercarse a la perfección, el hombre debiera obrar siempre como si tuviera testigos de su conducta y pensar como si se pudiera leer en el fondo de su alma."
3115,"Las fieras huyen de los peligros que ven; una vez los han evitado están seguras: nosotros nos atormentamos por el porvenir y el pasado. Muchos de nuestros bienes nos perjudican, pues el recuerdo hace revivir la angustia del temor, la previsión la anticipa. Nadie está apenado tan sólo por el mal presente." (Cartas a Lucilio)"
3116,"Muchos ancianos afirman que ellos se han apartado serenamente de los vínculos de los placeres y sin desprecio de los suyos. La causa de todas estas lamentaciones está en el carácter de cada uno, no en la edad. Ciertamente la impertinencia y la falta de humanidad molesta en todas las etapas de la vida.Los ancianos moderados llevan la vejez de una manera aceptable." (Sobre la vejez)"
3116,"Pues el amor, del cual la amistad tomó nombre, es lo principal para unir la benevolencia. Pues las ventajas se perciben ciertamente también a menudo de aquellos que son tratados con simulación de amistad y son respetados a causa del momento, en cambio, en la amistad nada es fingido, nada simulado, y cualquier cosa que haya, esta es verdadera y voluntaria." (Sobre la amistad)"
3116,"El juramento emitido con la convicción de la conciencia de que debe observarse hay que cumplirlo; si lo hace sin esta convicción, el no cumplirlo no supone perjurio. Por ejemplo, si no entregas a los ladrones el precio pactado por tu vida, no hay fraude alguno, aunque lo hubieras jurado, porque un pirata no está considerado en el número de los enemigos de guerra, sino que es enemigo de todo el mundo, y con un tal no puede tenerse en común ni la fidelidad ni el juramento."  (Sobre los deberes)"
3117,"The consistent anarchist, then, should be a socialist, but a socialist of a particular sort. He will not only oppose alienated and specialized labor and look forward to the appropriation of capital by the whole body of workers, but he will also insist that this appropriation be direct, not exercised by some elite force acting in the name of the proletariat."
3117,"The most effective way to restrict democracy is to transfer decision-making from the public arena to unaccountable institutions: kings and princes, priestly castes, military juntas, party dictatorships, or modern corporations."
3117,"Language is a process of free creation; its laws and principles are fixed, but the manner in which the principles of generation are used is free and infinitely varied. Even the interpretation and use of words involves a process of free creation."
3118,"En América Latina, el poder es un cíclope. Tiene un solo ojo: ve lo que le conviene, es ciego de todo lo demás. Contempla en éxtasis la globalización del dinero, pero no puede ni ver la globalización de los derechos humanos."
3118,"La democracia es un error estadístico, solía decir don Jorge Luis Borges, porque en la democracia decide la mayoría y la mayoría está formada por imbéciles. Para evitar ese error, el mundo de hoy otorga el poder de decisión a los poquitos, muy poquitos, que lo han comprado."
3118,"Si la maquinaria militar no mata, se oxida. El presidente del planeta anda paseando el dedo por los mapas, a ver sobre qué país caerán las próximas bombas. Ha sido un éxito la guerra de Afganistán, que castigó a los castigados y mató a los muertos; y ya se necesitan enemigos nuevos."
3119,"If the passing of the Age of Ideology is necessary to make way for the Age of Adaptive Management, and the shifting of arguments from polarized and all-or-nothing to negotiable differences about goals, priorities, and how to expand resources—then I say, let it die. But let us replace ideological environmentalism with adaptive management, a search for communication and cooperation, and a thirst for social learning.."
3119,"If we cultivate a common language of indicators and measurable goals, our deliberations will turn to questions of how to achieve as many management goals as available resources allow."
3120,"En una sociedad en la que la limitada búsqueda del interés propio material es la norma, un cambio hacia una orientación ética es más radical de lo que mucha gente cree. En comparación con las necesidades de la gente que muere de hambre en Somalia, el deseo de catar los vinos de Francia palidece hasta la insignificancia. Juzgado a la vista de los sufrimientos de conejos inmovilizados sobre cuyos ojos se derrama champú, un champú mejor se convierte en un objetivo indigno. La preservación de los antiguos bosques debería tener prioridad sobre nuestro deseo de utilizar toallas de papel desechables. (Ética para vivir mejor)"
3120,"Si un ser sufre, no puede haber justificación moral alguna para negarse a tener en cuenta este sufrimiento. Al margen de la naturaleza del ser, el principio de igualdad exige que -en la medida en que se puedan hacer comparaciones grosso modo- su sufrimiento cuente tanto como el mismo sufrimiento de cualquier otro ser. Cuando un ser carece de la capacidad de sufrir, o de disfrutar o ser feliz, no hay nada que tener en cuenta. Por tanto, el único límite defendible a la hora de preocuparnos por los intereses de los demás es el de la sensibilidad (entendiendo este término como una simplificación que, sin ser estrictamente adecuada, es útil para referirnos a la capacidad de sufrir y/o disfrutar). Establecer el límite por alguna otra característica como la inteligencia o el raciocinio sería arbitrario. ¿Por qué no habría de escogerse entonces otra característica, como el color de la piel? (Liberación animal)"
3120,"No obstante, la liberación animal necesitará un altruismo mayor por parte de los seres humanos que cualquier otro movimiento de liberación. Los animales son incapaces de exigir su propia liberación, o de protestar mediante votaciones, manifestaciones o boicots contra su condición. Los seres humanos tienen el poder de continuar oprimiendo siempre a otras especies, o hasta que hagamos que este planeta se vuelva inhabitable para los seres vivos. ¿Continuará nuestra tiranía, confirmándose así que somos los tiranos egoístas que los poetas y filósofos más cínicos han pensado siempre que somos? ¿O nos alzaremosante el desafío y probaremos nuestra capacidad de comportarnos con auténtico altruismo, poniendo fin a la cruel explotación de las especies en nuestro poder, no porque nos veamos forzados a ello por rebeldes o terroristas, sino porque reconozcamos que nuestra postura es moralmente indefendible?
La forma en que respondamos a esta pregunta dependerá de cómo cada uno de nosotros la responda individualmente." (Liberación animal)
 "
3121,"A thing is right when it tends to preserve the integrity, stability, and beauty of the biotic community"
3121,"Once you learn to read the land, I have no fear of what you will do to it, or with it. And I know many pleasant things it will do to you."
3121,"That land is a community is the basic concept of ecology, but that land is to be loved and respected is an extension of ethics."
3122,"Una ética a la altura de nuestro tiempo no puede olvidar nuestra responsabilidad para con el resto de la biosfera, y en especial para con nuestros compañeros de penas y gozos sobre este planeta, los animales (La ética frente a los animales)"
3122,"Así que tenemos un espectáculo en que se tortura a un animal con el apoyo del poder establecido y que en los festejos populares se hace además con una muchedumbre que suele estar bajo intoxicación etílica. Así, las administraciones públicas, en vez de desasnar a la población, contribuyen a su embrutecimiento llamando "cultura popular a lo que no es más que "cultura cutre. Además, para ello se busca justificación ética en la tradición, que lo mismo podía servir para avalar la ablación del clítoris o el secuestro en Colombia, práctica habitual desde hace generaciones, de lo que se deduce que el hecho de que algo sea tradicional puede hacerlo interesante, pero de ninguna manera ético (¡Vivan los animales!)"
3122,"En definitiva, la totalidad de nuestras características ancladas en el genoma humano constituyen la naturaleza humana. La única posibilidad de describir verazmente nuestra naturaleza pasa por explorar en detalle nuestro genoma. El secuenciarlo ha sido el inicio imprescindible y relativamente trivial, pero la mayor parte del trabajo en genómica y proteómica está por hacer y  nos ocupará todo el siglo XXI." (La naturaleza humana)"
3123,"Ultimately, in this way, rationalism is linked up with the recognition of the necessity of social institutions to protect freedom of criticism, freedom of thought, and thus the freedom of men. And it estrablishes something like a moral obligation towards the support of these institutions. This is why rationalism is closely linked up with the political demand for practical social engineering - piecemeal engineering, of course - in the humanitarian sense, with the demand for the rationalization of society, for planning for freedom, and for its control by reason; not by 'science', not by a Platonic, a pseudo-rational authority, but by that Socratic reason which is aware of its limitations, and which therefore respects the other man and does not aspire to coerce him - not even into happiness. (The open society and Its enemies)"
3123,"We can interpret the history of power politics from the point of view of our fight for the open society, for a rule of reason, for justice, freedom, equality, and for the control of international crime. Although history has no ends, we can impose these ends of ours upon it; and although history has no meaning, we can give it a meaning. (The open society and Its enemies)"
3123,"Unlimited tolerance must lead to the disappearance of tolerance. If we extend unlimited tolerance even to those who are intolerant, if we are not prepared to defend a tolerant society against the onslaught of the intolerant, then the tolerant will be destroyed, and tolerance with them… We should therefore claim, in the name of tolerance, the right not to tolerate the intolerant. (The open society and Its enemies)"
3124,"There is no social entity with a good that undergoes some sacrifice for its own good. There are only individual people, different individual people, with their own individual lives. Using one of these people for the benefit of others, uses him and benefits the others. Nothing more. (Anarchy, State, and Utopia)"
3124,"Is there really someone who, searching for a group of wise and sensitive persons to regulate him for his own good, would choose that group of people that constitute the membership of both houses of Congress? (Anarchy, State, and Utopia)"
3124,"Whatever the practical origins of aesthetic discernment may have been, it has been used to create great works of art. When the very loftiest human creations are seen to derive from humble origins and functions, what needs revision is not our esteem for these creations but our notion of nobility." (The nature of rationality)"
3125,"Querer es esencialmente sufrir, y como vivir es querer, toda vida es por esencia dolor. Cuanto más elevado es el ser, más sufre... La vida del hombre no es más que una lucha por la existencia, con la certidumbre de resultar vencido. La vida es una cacería incesante, donde los seres, unas veces cazadores y otras cazados, se disputan las piltrafas de una horrible presa. (Parerga y Paralipómena)"
3125,"Los hombres se parecen a esos relojes de cuerda que andan sin saber por qué. Cada vez que se engendra un hombre y se le hace venir al mundo, se da cuerda de nuevo al reloj de la vida humana, para que repita una vez más su rancio sonsonete gastado de eterna caja de música, frase por frase, tiempo por tiempo, con variaciones apenas imperceptibles (El amor, las mujeres y la muerte)"
3125,"El estado no tiene la delirante pretensión de destruir la inclinación de la gente a la injusticia, ni tampoco los pensamientos maléficos; se limita a colocar, junto a cada tentación posible, propicia a inclinarnos hacia lo injusto, un motivo aún más fuerte, favorable a desviarnos de ella; y este segundo motivo es un castigo inevitable; de tal modo que el código criminal no es más que un catálogo, lo más completo posible, de los contramotivos destinados a prevenir todas las acciones culpables que pueden ser previstas." (El mundo como voluntad y representación)"
3126,"Nos echan a este mundo, y nadie nos ha preguntado si queríamos nacer, nadie nos previene de lo que nos espera, ingenuo pensamiento el que dice que la vida es un don, algo que deberíamos agradecer cada día que nos despertamos y cada día que pasamos y seguimos aquí... (Silogismos de la amargura)"
3126,"Por cobardía sustituimos la sensación de nuestra nada por la sensación de la nada. Y es que la nada general apenas nos inquieta: vemos en ella demasiado a menudo una promesa, una ausencia fragmentaria, un callejón sin salida que se abre. (La tentación de existir)"
3126,"Cada ser es un himno destruido. (El aciago demiurgo)
3127,"No sólo disminuye la fuerza de Occidente, sino que la paradoja de la democracia debilita también la voluntad occidental de fomentar la democracia en el mundo posterior a la guerra fría. [...] El fácil supuesto occidental según el cual los gobiernos elegidos democráticamente tendrán una actitud de cooperación y serán prooccidentales no es necesariamente cierto" (El choque de civilizaciones)"
3127,"Una civilización es la entidad cultural más amplia. Aldeas, regiones, grupos étnicos, nacionalidades, grupos religiosos: todos tienen culturas propias con diferentes grados de heterogeneidad cultural. La cultura de una aldea del sur de Italia puede ser diferente de la de una aldea del norte de Italia, pero ambas comparten una cultura italiana común que las distingue de las aldeas alemanas. Las colectividades europeas, a su vez, compartirán rasgos culturales que las distinguen de las colectividades chinas o hindúes. Los chinos, hindúes y occidentales, sin embargo, no forman parte de ninguna entidad cultural más amplia. Constituyen civilizaciones. Así, una civilización es el agrupamiento cultural humano más elevado y el grado más amplio de identidad cultural que tienen las personas, si dejamos aparte lo que distingue a los seres humanos de otras especies. (El choque de ciivilizaciones)"
3127,"Algunos occidentales han afirmado que Occidente no tiene problemas con el islam, sino sólo con los extremistas islamistas violentos. Mil cuatrocientos años de historia demuestran lo contrario. Las relaciones entre el islam y el cristianismo, tanto ortodoxo como occidental, han sido con frecuencia tempestuosas. Cada uno de ellos ha sido el Otro del otro. Durante casi mil años, desde el primer desembarco moro en España [711] hasta el segundo asedio turco de Viena [1683], Europa estuvo bajo la amenaza constante del islam. El islam es la única civilización que ha puesto en peligro la supervivencia de Occidente, y lo ha hecho al menos dos veces (la arremetida árabe contra la península Ibérica y Francia, hasta la derrota de Poitiers en 732; la amenaza turca entre los siglos XIV y XVII)" (El choque de civilizaciones)"
3128,"En consecuencia, el sentido de las normas sociales depende de leyes fácticas de la naturaleza. o éstas de aquél, en tan escasa medida como imposible resulta derivar el contenido normativo de juicios de valor a partir del contenido descriptivo de determinaciones fácticas o el descriptivo a partir del normativo."
3128,"[...] Únicamente pueden aspirar a la validez aquellas normas que consiguen o pueden conseguir la aprobación de todos los participantes en cuanto participantes de todo discurso práctico. [...] Toda norma válida habría de poder encontrar el asentimiento de todos los afectados si estos participasen en un discurso práctico." (Teoría de la acción comunicativa)"
3128,"Esto podría inducimos a pensar que no estamos frente a un problema que se resolvería en el plano teórico, sino a la cuestión práctica de si racionalmente debemos querer que la identidad social se configure a través de los individuos socializados o, en cambio, se la sacrifique en aras de una complejidad real o presunta. Plantear así pregunta implica responderla: si las instancias constitutivas de una forma de vida racional han de conservarse, ellas mismas no pueden convertirse en objeto de una formación racional de la voluntad, que precisamente dependería de esas instancias constitutivas. Para ello se requiere, en todo caso, el llamado para la toma de partido en favor de la razón." (Problemas de legitimación en el capitalismo tardío)"
3129,"Si sé que ocurrirá una catástrofe y no lo aviso, estoy cometiendo algo parecido a un delito de no asistencia a una persona en peligro. Hace un tiempo tuve la oportunidad de discutir el problema de la mundialización de la cultura con productores y gente del sector. Muchos de ellos pensaban de buena fe que la concentración de empresas formaría conglomerados poderosos, y que ese poder contribuiría a la difusión de la cultura. Yo les dije que estaban equivocados. (A más neoliberalismo, más cárceles y más encarcelados)"
3129,"Cuando el sociólogo logra producir algo de verdad, por poca que sea, no lo hace a pesar de tener interés por producirla, sino porque le interesa —la cual es exactamente lo contrariodel discurso un tanto pueril sobre la "neutralidad." (Sociología y cultura)"
3129,"En suma, he querido decir que la opinión pública no existe, al menos bajo la forma que le atribuyen los que tienen interés en afirmar su existencia. He dicho que existen, por una parte, opiniones constituidas, movilizadas, de grupos de presión movilizados en torno a un sistema de intereses explícitamente formulados; y, por otra, disposiciones que, por definición, no son opinión si se entiende por tal, como he hecho a lo largo de todo este análisis, algo que puede formularse discursivamente con una cierta pretensión a la coherencia." (La opinión pública no existe)"
3130,"En España, en nuestro presente, la educación filosófica es universal a todos los ciudadanos, a menos desde un punto de vista legal; sin embargo la presencia de hecho de una filosofía crítica puede considerarse como prácticamente nula. ¿No debe ser esto uno de los principales motivos de reflexión autocrítica para el cuerpo de funcionarios del Estado a quienes se les ha encomendado la educación filosófica de la Nación?" (¿Qué es la filosofía?)"
3130,"Desde una metafísica semejante se comprende bien que muchas personas, al proclamarse «demócratas», parezcan sentirse «salvadas», «justificadas», «elegidas» –y no sólo en unas elecciones parlamentarias–. Ser demócrata significará para esas personas algo similar a lo que significa para los miembros de algunas sectas religiosas formar parte de su grupo, y, a su través, estar tocados de la gracia santificante (algo similar a lo que les ocurre a muchos de los que confiesan «ser de izquierdas de toda la vida», sobrentendiéndose salvados antes por su fe que por sus obras)." (La democracia como ideología)"
3130,"Para Ortega, la Universidad (la española y la europea) tiene un problema fundamental: que está des-pedazada, que carece de unidad. Y es obvio que quien se aproxima, desde una perspectiva unitarista, a la realidad empírica de la universidad, lo primero que tendrá que advertir es esta falta de unidad, este despedazamiento. Sólo que en lugar de acatar como un hecho la pluralidad irreducible de la universidad, la percibirá como un problema." (La idea de ciencia en Ortega)"
3131,"Los libros más útiles son aquellos en los que el lector hace la mitad. Amplían los pensamientos que se le presentan en estado germinal; corrigen lo que les parece defectuoso y fortalecen con sus reflexiones lo que les parece débil." (Diccionario filosófico)"
3131,"En fin, esta tolerancia no ha provocado jamás una guerra civil; la intolerancia ha cubierto la tierra de matanzas." (Tratado sobre la tolerancia)"
3131,"-Todo tiene relación en el mejor de los mundos posibles: porque si no os hubiesen expulsado del castillo por amor a la señorita Cunegunda, si no hubieseis sido entregado a la Inquisición, si no hubieseis atravesado América andando, si no hubieseis dado una gran esto cada al barón y si no hubieseis perdido todos vuestros carneros de aquella buena tierra de Eldorado, no estaríais comiendo ahora mermelada de cidra y pistachos.
-Muy bien dicho -contestó Cándido-, pero lo importante es cultivar nuestra huerta." (Cándido)"
3133,"Fe que no duda es fe muerta
3133,"Piensa el sentimiento, siente el pensamiento"
3133,"En el seno de la paz verdadera y honda es donde sólo se comprende y justifica la guerra; es donde se hace sagrados votos de guerrear por la verdad, único consuelo eterno; es donde se propone reducir a santo trabajo la guerra. No fuera de ésta, sino dentro de ella, en su seno mismo, hay que buscar la paz; paz en la guerra misma"
3133,"A esa fuerza íntima, esencial, se le ha llamado voluntad, por suponer nosotros que sea en los demás seres lo que en nosotros mismos sentimos como sentimiento de voluntad, el impulso a serlo todo, a ser también los demás sin dejar de ser lo que somos. Y esa fuerza cabe decir que es lo divino en nosotros, que es Dios mismo, que en nosotros obra porque en nosotros sufre."
3134,"La misma insociabilidad que obligaba a los hombres es, de nuevo, la causa de que toda república se encuentre, en las relaciones exteriores, es decir, como Estado vinculado con otros Estados, con una libertad sin ataduras, y, en consecuencia, uno ha de esperar del otro el mismo mal que empujó y obligó a los hombres como individuos a entrar en un estado civil legal."
3134,"Todas las guerras, por tanto, son otros tantos intentos (no, por cierto, según el propósito de los hombres, pero sí según el propósito de la naturaleza) de proporcionar nuevas relaciones de los Estados, y mediante la destrucción o, al menos, desmembramiento de todos, formar nuevos cuerpos que, a su vez, no pueden mantenerse por sí mismos ni junto a otros y deben, por tanto, padecer nuevas revoluciones semejantes"
3135,"En efecto, el reino de la libertad comienza allí donde se cesa de trabajar por necesidad y por la coacción impuesta desde el exterior; se sitúa, pues, por naturaleza, más allá de la esfera de producción material propiamente dicha. Lo mismo que el hombre primitivo tiene que luchar contra la naturaleza para satisfacer sus necesidades, para su conservación y su reproducción, también el hombre civilizado se encuentra forzado a hacerlo y lo ha de hacer cualesquiera que sean la estructura de la sociedad y el modo de producción. (El Capital)"
3135,"El fundamento de la crítica religiosa es: el hombre hace la religión, y no ya, la religión hace al hombre. Y verdaderamente la religión es la conciencia y el sentimiento que de sí posee el hombre, el cual aún no alcanzó el dominio de sí mismo o lo ha perdido ahora. Pero el hombre no es algo abs- tracto, un ser alejado del mundo. Quien dice: "el hombre", dice el mundo del hombre: Estado, Sociedad. Este Estado, esta Sociedad produce la religión, una conciencia subvertida del mundo, porque ella es un mundo subvertido. La religión es la interpretación general de este mundo, su resumen enciclopédico, su lógica en forma popular, su point d'honneur espiritualista, su exaltación, su sanción moral, su solemne complemento, su consuelo y justificación universal. Es la realización fantástica del ser humano, porque el ser humano no tiene una verdadera realidad. La guerra contra la religión es, entonces, directamente, la lucha contra aquel mundo, cuyo aroma moral es la religión.
La miseria religiosa es, al mismo tiempo, la expresión de la miseria real y la protesta contra ella. La religión es el sollozo de la criatura oprimida, es el significado real del mundo sin corazón, así como es el espíritu de una época privada de espíritu. Es el opio del pueblo.
La eliminación de la religión como ilusoria felicidad del pueblo, es la condición para su felicidad real. El estímulo para disipar las ilusiones de la propia condición, es el impulso que ha de eliminar un estado que tiene necesidad de las ilusiones. La crítica de la religión, por lo tanto, significa en germen, la crítica del valle de lágrimas del cual la religión es el reflejo sagrado.
La crítica ha deshojado las flores imaginarias de la cadena, no para que el hombre arrastre la cadena que no consuela más, que no está embellecida por la fantasía, sino para que arroje de sí esa esclavitud y recoja la flor viviente. La crítica de la religión desengaña al hombre, el cual piensa, obra, compone su ser real como hombre despojado de ilusiones, que ha abierto los ojos de la mente; que se mueve en torno de sí mismo y así en tomo de su sol real. La religión es meramente el sol ilusorio que gira alrededor del hombre hasta que éste no gire en torno de sí mismo." (Introducción para la crítica de la filosofía del derecho de Hegel)"
3135,"Los filósofos no han hecho más que interpretar de diversos modo el mundo, pero de lo que se trata es de transformarlo." (Tesis sobre Feuerbach)"
3135,"El resultado general al que llegué y que una vez obtenido sirvió de hilo conductor a mis estudios puede resumirse así: en la producción social de su vida los hombres establecen determinadas relaciones necesarias e independientes de su voluntad, relaciones de producción que corresponden a una fase determinada de desarrollo de sus fuerzas productivas materiales. El conjunto de estas relaciones de producción forma la estructura económica de la sociedad, la base real sobre la que se levanta la superestructura jurídica y política y a la que corresponden determinadas formas de conciencia social. El modo de producción de la vida material condiciona el proceso de la vida social política y espiritual en general. No es la conciencia del hombre la que determina su ser sino, por el contrario, el ser social es lo que determina su conciencia. Al llegar a una fase determinada de desarrollo las fuerzas productivas materiales de la sociedad entran en contradicción con las relaciones de producción existentes o, lo que no es más que la expresión jurídica de esto, con las relaciones de propiedad dentro de las cuales se han desenvuelto hasta allí. De formas de desarrollo de las fuerzas productivas, estas relaciones se convierten en trabas suyas, y se abre así una época de revolución social. Al cambiar la base económica se transforma, más o menos rápidamente, toda la inmensa superestructura erigida sobre ella." (Contribución a la crítica de la economía política)"
3136,"El hombre ha nacido libre, y sin embargo, vive en todas partes entre cadenas. El mismo que se considera amo, no deja por eso de ser menos esclavo que los demás. ¿Cómo se ha operado esta transformación? Lo ignoro. ¿Qué puede imprimirle el sello de legitimidad?" (Contrato social)"
3136,"En efecto, cada individuo puede, como hombre, tener una voluntad contraria o desigual a la voluntad general que posee como ciudadano: su interés particular puede aconsejarle de manera completamente distinta de la que le indica el interés común; su existencia absoluta y naturalmente independiente puede colocarle en oposición abierta con lo que debe a la causa común como contribución gratuita, cuya pérdida sería menos perjudicial a los otros que oneroso el pago para él, y considerando la persona moral que constituye el Estado como un ente de razón -puesto que éste no es un hombre, gozaría de los derechos del ciudadano sin querer cumplir o llenar los deberes de súbdito, injusticia cuyo progreso causaría la ruina del cuerpo político" (Contrato social)"
3136,"En tanto que varios hombres reunidos se consideran como un solo cuerpo, no tienen más que una sola voluntad relativa a la común conservación y al bien general. Entonces todos los resortes del Estado son vigorosos y sencillos, sus máximas claras y luminosas, no existe confusión de interés, ni contradicción; el bien común se muestra por todos partes con evidencia, sin exigir más que buen sentido para ser conocido. La paz, la unión, la igualdad, son enemigas de las sutilezas políticas. Los hombres rectos y sencillos son difíciles de engañar, a causa de su misma sencillez. Las añagazas ni las refinadas habilidades logran seducirles. Cuando se ve cómo en los pueblos más dichosos del mundo un montón de campesinos arreglaba bajo una encina los negocios del Estado, conduciéndose siempre sabiamente, ¿puede uno dejar de despreciar los refinamientos de otras naciones que se vuelven ilustres y miserables con tanto arte y tanto misterio?" (Contrato social)"
3136,"¡Oh, virtud! Ciencia sublime de las almas sencillas, ¿hacen falta tantos esfuerzos y tanto aparato para conocerte? ¿Acaso tus principios no se encuentran grabados en todos los corazones y no basta, para aprender tus leyes, con mirarse a sí mismo y escuchar la voz de la consciencia en el silencio de las pasiones? He aquí la verdadera filosofía, sepamos contentarnos con ella; y, sin envidiar la gloria de los hombres célebres que se inmortalizan en la república de las letras, intentemos poner entre ellos y nosotros la distinción gloriosa que se apreciaba antiguamente entre dos grandes naciones; una de ellas sabía hablar bien, la otra, hacer bien" (Discurso sobre las ciencias y las artes)"
3136,"Aun cuando imaginásemos un hombre salvaje tan hábil en el arte de pensar como lo presentan nuestros filósofos; aunque hiciéramos de él, siguiendo ese ejemplo, un filósofo, descubriendo por sí solo las verdades más sublimes, componiendo por medio de razonamientos abstractos máximas de justicia y de razón sacadas del amor al orden en general o de la voluntad conocida de su creador, en una palabra: aunque supusiéramos en su espíritu tantas luces y tanta inteligencia como torpeza y estupidez debe tener y tiene en efecto, ¿qué utilidad sacaría la especie de toda esta metafísica, que no podía comunicarse y que perecería con el individuo que la hubiera inventado? ¿Qué progresaría el género humano disperso en los bosques entre los animales? ¿Y hasta qué punto podrían perfeccionarse e ilustrarse mutuamente unos hombres que, no teniendo domicilio fijo ni necesidad unos de otros, apenas se encontrarían dos veces en su vida, sin conocerse y sin hablarse?" (Discurso sobre la desigualdad entre los hombres)"
3136,"El primer hombre a quien, cercando un terreno, se lo ocurrió decir esto es mío y halló gentes bastante simples para creerle fue el verdadero fundador de la sociedad civil. ¡Cuántos crímenes, guerras, asesinatos; cuántas miserias y horrores habría evitado al género humano aquel que hubiese gritado a sus semejantes, arrancando las estacas de la cerca o cubriendo el foso: «¡Guardaos de escuchar a este impostor; estáis perdidos si olvidáis que los frutos son de todos y la tierra de nadie!» Pero parece que ya entonces las cosas habían llegado al punto de no poder seguir más como estaban, pues la idea de propiedad, dependiendo de muchas, otras ideas anteriores que sólo pudieron nacer sucesivamente, no se formó de un golpe en el espíritu humano; fueron necesarios ciertos progresos, adquirir ciertos conocimientos y cierta industria, transmitirlos y aumentarlos de época en época, antes de llegar a ese último límite del estado natural." (Discurso sobre la desigualdad entre los hombres)"
3137,"Logic is the most useful tool of all the arts. Without it no science can be fully known. It is not worn out by repeated use, after the manner of material tools, but rather admits of continual; growth through the diligent exercise of any other science. For just as a mechanic who lacks a complete knowledge of his tool gains a fuller [knowledge] by using it, so one who is educated in the firm principles of logic, while he painstakingly devotes his labor to the other sciences, acquires at the same time a greater skill at this art." (Summa Logicae)"
3137,"Numquam ponenda est pluralitas sine necessitate." (Quaestiones et decisiones in quattuor libros Sententiarum Petri Lombardi)"
3137,"Frustra fit per plura, quod potest fieri per pauciora." (Summa Totius Logicae)"
3263,"No se nace mujer, se llega a ser mujer"
3269,"Si la costumbre fuera mandar a las niñas a la escuela y enseñarles las ciencias con método, como se hace con los niños, aprenderían y entenderían las dificultades y sutilezas de todas las artes y ciencias tan bien como ellos"
3299,"Defiende tu derecho a pensar porque incluso pensar de manera errónea es mejor que no pensar."
