author_id,current
3089,Empirismo
3089,Escepticismo
3089,Emotivismo
3089,Egoísmo
3089,Pensamiento ilustrado
3090,Contractualismo
3090,Empirismo
3090,Liberalismo
3091,Filosofía analítica
3091,Positivismo lógico
3092,Agnosticismo
3092,Atomismo lógico
3092,Empirismo
3092,Filosofía analítica
3092,Positivismo lógico
3093,Dualismo
3093,Idealismo
3094,Dialéctica
3094,Idealismo
3094,Romanticismo
3095,Cristianismo
3095,Neoplatonismo
3095,Teísmo
3096,Aristotelismo
3096,Cristianismo
3096,Teísmo
3097,Empirismo
3097,Realismo
3098,Escepticismo
3098,Humanismo
3099,Escepticismo
3100,Escepticismo
3101,Ateísmo
3101,Irracionalismo
3101,Nihilismo
3101,Vitalismo
3102,Innatismo
3102,Racionalismo
3103,Optimismo
3103,Racionalismo
3104,Pragmatismo
3104,Utilitarismo
3105,Feminismo
3105,Liberalismo
3105,Utilitarismo
3106,Perspectivismo
3106,Raciovitalismo
3107,Personalismo
3107,Razón poética
3108,Ateísmo
3108,Existencialismo
3108,Humanismo
3109,Existencialismo
3109,Personalismo
3110,Hermenéutica
3111,Contractualismo
3111,Egoísmo
3111,Emotivismo
3111,Teoría de juegos
3111,Teoría de la decisión racional
3112,Filosofía analítica
3112,Realismo
3113,Hedonismo
3113,materialismo
3114,Estoicismo
3115,Estoicismo
3116,Eclecticismo
3116,Escepticismo
3116,Estoicismo
3117,Anarquismo
3117,Anticapitalismo
3117,Teoría de la gramática generativa
3118,Anticapitalismo
3118,Marxismo
3118,Pensamiento crítico
3119,Ecología
3119,Utilitarismo
3120,Animalismo
3120,Ecología
3120,Utilitarismo
3121,Ecología
3121,Ética de la tierra
3122,Animalismo
3122,Filosofía analítica
3122,Filosofía de la ciencia
3122,Racionalismo
3123,Falsacionismo
3123,Liberalismo
3124,Libertarismo
3124,Teoría de la decisión racional
3125,Pesimismo
3125,Voluntarismo
3126,Escepticismo
3126,Nihilismo
3126,Pesimismo
3127,Choque de civilizaciones
3127,Polemismo
3128,Teoría comunicativa
3128,Teoría crítica
3129,Constructivismo
3129,Pensamiento crítico
3130,Ateísmo
3130,Cierre caegorial
3130,Materialismo filosófico
3131,Liberalismo
3131,Pensamiento Ilustrado
3132,Pragmática del lenguaje
3132,Isomorfismo lingüístico
3132,Filosofía analítica
3133,Existencialismo
3133,Vitalismo
3133,Agnosticismo
3134,Criticismo
3134,Formalismo ético
3134,Idealismo trascedental
3134,Pensamiento ilustrado
3135,Materialismo dialéctico
3135,Materialismo histórico
3136,Contractualismo
3136,Republicanismo
3136,Teoría de la educación
3137,Agnosticismo fideísta
3137,Empirismo
3137,Voluntarismo
3261,Cristianismo
3261,Marxismo
3261,Misticismo
3262,Cristianismo
3262,Misticismo
3263,Existencialismo
3263,Feminismo
3264,Capitalismo
3264,Individualismo
3265,Feminismo
3265,Pensamiento Ilustrado
3266,Crítica del poder
3266,Pensamiento crítico
3266,Antitotalitarismo
3267,Feminismo
3267,Romanticismo
3268,Feminismo
3268,Pensamiento Ilustrado
3269,Feminismo
3269,Humanismo
3269,Teoría de la literatura
3270,Feminismo
3270,Pensamiento científico
3270,Pensamiento ilustrado
3271,Cristianismo
3271,Misticismo
3272,Feminismo
3272,Piscoanálisis
3273,Estructuralismo
3273,Feminismo
3274,Feminismo
3274,Aristotelismo
3274,Humanismo
3275,Feminismo
3275,Filosofía política
3276,Feminismo
3276,Teoría Queer
3276,Teoría del poder
3285,Aristotelismo
3285,Islam
3285,Teísmo
3286,Positivismo
3286,Racionalismo
3287,Filosofía oriental
3287,Moralismo político
3288,Autoritarismo
3288,Contractualismo
3288,Empirismo
3288,Materialismo
3289,Polemismo
3289,Empirismo
3290,Marxismo
3290,Filosofía de la liberación
3291,Crítica del poder
3291,Estructuralismo
3292,Existencialismo
3292,Teísmo
3293,Filosofía oriental
3293,Naturalismo
3294,Personalismo
3294,Existencialismo
3294,Judaísmo
3295,Realismo político
3296,Psicoanálisis
3297,Intelectualismo moral
3297,Universalismo
3298,Racionalismo
3298,Ateísmo
3298,Panteismo
3299,Neoplatonismo
3299,Pitagorismo
3300,Filosofía oriental
3300,Polemismo
3301,Estética
3301,Teoría crítica
3302,Teoría crítica
3303,Marxismo
3303,Materialismo
3303,Postmodernidad
3304,Deconstrucción
3304,Iconoclastia
3304,Postmodernidad
3699,Ateísmo
3699,Existencialismo
3699,Naturalismo
3700,Racionalismo
